,Gender,AVG_%_1p_sg,AVG_%_1p_pl,AVG_%_2p
0,M,30.476531214290894,10.573527379983233,46.31085557862267
1,F,31.40810027426524,10.419675031189765,42.41560887176076
