,Gender,AVG_%_1p_sg,AVG_%_1p_pl,AVG_%_2p
0,M,40.722092633753824,24.844892478050195,23.207956840660223
1,F,34.90803941793827,16.61694646413666,30.884530926744894
