,Gender,AVG_%_1p_sg,AVG_%_1p_pl,AVG_%_2p
0,M,45.42306190757935,9.102114554471001,28.834887986147603
1,F,44.74946316242465,11.267968853672162,26.051154282124237
